{"source":2,"revision":2,"description":null,"createdBy":{"displayName":"Ilias Jennane","url":"https://app.vssps.visualstudio.com/Ae2730bce-d766-497d-9bf1-2bc176c5d883/_apis/Identities/5670fedd-7b96-403f-9e5d-d2bc553ec630","_links":{"avatar":{"href":"https://dev.azure.com/iliasj/_apis/GraphProfile/MemberAvatars/msa.NDZmZjk4NjQtYzI0NS03YWJkLWIyYzEtNTE0ZjFhNWQ4NDQ3"}},"id":"5670fedd-7b96-403f-9e5d-d2bc553ec630","uniqueName":"iliasjennane@outlook.com","imageUrl":"https://dev.azure.com/iliasj/_api/_common/identityImage?id=5670fedd-7b96-403f-9e5d-d2bc553ec630","descriptor":"msa.NDZmZjk4NjQtYzI0NS03YWJkLWIyYzEtNTE0ZjFhNWQ4NDQ3"},"createdOn":"2018-09-13T00:34:07.520Z","modifiedBy":{"displayName":"Ilias Jennane","url":"https://app.vssps.visualstudio.com/Ae2730bce-d766-497d-9bf1-2bc176c5d883/_apis/Identities/5670fedd-7b96-403f-9e5d-d2bc553ec630","_links":{"avatar":{"href":"https://dev.azure.com/iliasj/_apis/GraphProfile/MemberAvatars/msa.NDZmZjk4NjQtYzI0NS03YWJkLWIyYzEtNTE0ZjFhNWQ4NDQ3"}},"id":"5670fedd-7b96-403f-9e5d-d2bc553ec630","uniqueName":"iliasjennane@outlook.com","imageUrl":"https://dev.azure.com/iliasj/_api/_common/identityImage?id=5670fedd-7b96-403f-9e5d-d2bc553ec630","descriptor":"msa.NDZmZjk4NjQtYzI0NS03YWJkLWIyYzEtNTE0ZjFhNWQ4NDQ3"},"modifiedOn":"2018-09-13T00:35:17.020Z","isDeleted":false,"variables":{"apiApplicationName":{"value":"yourprefix-holmodernapi"},"apiDbName":{"value":"yourprefix-holmodernapidb"},"apiDockerCustomImageName":{"value":"youracr.azurecr.io/modernapiapp.master.ci:latest"},"databasePassword":{"value":"Microsoft2018!1"},"databaseUsername":{"value":"devopsadmin"},"dbServerName":{"value":"yourprefix-modernapi-master-dbserver"},"dockerRegistryServerPassword":{"value":"yourAcrPassword"},"dockerRegistryServerUrl":{"value":"https://youracr.azurecr.io"},"dockerRegistryServerUser":{"value":"youracr"},"hostingPlan":{"value":"holDevTestServicePlan"},"launchDarklyKey":{"value":"yourLaunchDarlyKey"},"principalPassword":{"value":"Microsoft2018!1"},"principalUsername":{"value":"yourPrincipalAppId"},"resourceGroup":{"value":"holDevTestRG"},"tenantId":{"value":"22c6d25d-061b-4c5b-b35f-a6179f873e34"},"uiApplicationName":{"value":"yourprefix-holmodernui"},"uiDockerCustomImageName":{"value":"youracr.azurecr.io/modernuiapp.master.ci:latest"}},"variableGroups":[],"environments":[{"id":22,"name":"Infrastructure","rank":1,"owner":{"displayName":"Ilias Jennane","url":"https://app.vssps.visualstudio.com/Ae2730bce-d766-497d-9bf1-2bc176c5d883/_apis/Identities/5670fedd-7b96-403f-9e5d-d2bc553ec630","_links":{"avatar":{"href":"https://dev.azure.com/iliasj/_apis/GraphProfile/MemberAvatars/msa.NDZmZjk4NjQtYzI0NS03YWJkLWIyYzEtNTE0ZjFhNWQ4NDQ3"}},"id":"5670fedd-7b96-403f-9e5d-d2bc553ec630","uniqueName":"iliasjennane@outlook.com","imageUrl":"https://dev.azure.com/iliasj/_api/_common/identityImage?id=5670fedd-7b96-403f-9e5d-d2bc553ec630","descriptor":"msa.NDZmZjk4NjQtYzI0NS03YWJkLWIyYzEtNTE0ZjFhNWQ4NDQ3"},"variables":{},"variableGroups":[],"preDeployApprovals":{"approvals":[{"rank":1,"isAutomated":true,"isNotificationOn":false,"id":64}],"approvalOptions":{"requiredApproverCount":null,"releaseCreatorCanBeApprover":true,"autoTriggeredAndPreviousEnvironmentApprovedCanBeSkipped":false,"enforceIdentityRevalidation":false,"timeoutInMinutes":0,"executionOrder":1}},"deployStep":{"id":69},"postDeployApprovals":{"approvals":[{"rank":1,"isAutomated":true,"isNotificationOn":false,"id":70}],"approvalOptions":{"requiredApproverCount":null,"releaseCreatorCanBeApprover":true,"autoTriggeredAndPreviousEnvironmentApprovedCanBeSkipped":false,"enforceIdentityRevalidation":false,"timeoutInMinutes":0,"executionOrder":2}},"deployPhases":[{"deploymentInput":{"parallelExecution":{"parallelExecutionType":"none"},"skipArtifactsDownload":false,"artifactsDownloadInput":{"downloadInputs":[{"artifactItems":[],"alias":"api","artifactType":"Build","artifactDownloadMode":"All"},{"alias":"Infrastructure","artifactType":"Git","artifactDownloadMode":"All"},{"artifactItems":[],"alias":"ui","artifactType":"Build","artifactDownloadMode":"All"}]},"queueId":123,"demands":[],"enableAccessToken":false,"timeoutInMinutes":0,"jobCancelTimeoutInMinutes":1,"condition":"succeeded()","overrideInputs":{}},"rank":1,"phaseType":1,"name":"Agent job","workflowTasks":[{"environment":{},"taskId":"d9bafed4-0b18-4f58-968d-86655b4d2ce9","version":"2.*","name":"Install the Azure CLI","refName":"","enabled":true,"alwaysRun":false,"continueOnError":false,"timeoutInMinutes":0,"definitionType":"task","overrideInputs":{},"condition":"succeeded()","inputs":{"script":"npm install -g azure-cli","workingDirectory":"","failOnStderr":"false"}},{"environment":{},"taskId":"94a74903-f93f-4075-884f-dc11f34058b4","version":"2.*","name":"Database deployment","refName":"","enabled":true,"alwaysRun":false,"continueOnError":false,"timeoutInMinutes":0,"definitionType":"task","overrideInputs":{},"condition":"succeeded()","inputs":{"ConnectedServiceName":"45c473bd-cc80-4867-a8d8-2159fab21645","action":"Create Or Update Resource Group","resourceGroupName":"holDevTestRG","location":"East US","templateLocation":"Linked artifact","csmFileLink":"","csmParametersFileLink":"","csmFile":"$(System.DefaultWorkingDirectory)/Infrastructure/sqlTemplate.json","csmParametersFile":"$(System.DefaultWorkingDirectory)/Infrastructure/sqlParameters.json","overrideParameters":"-administratorLogin $(databaseUsername) -administratorLoginPassword $(databasePassword) -databaseName $(apiDbName)  -serverName $(dbServerName)  ","deploymentMode":"Incremental","enableDeploymentPrerequisites":"None","deploymentGroupEndpoint":"","project":"","deploymentGroupName":"","copyAzureVMTags":"true","runAgentServiceAsUser":"false","userName":"","password":"","outputVariable":"","deploymentOutputs":""}},{"environment":{},"taskId":"e213ff0f-5d5c-4791-802d-52ea3e7be1f1","version":"2.*","name":"Api Deployment","refName":"","enabled":true,"alwaysRun":false,"continueOnError":false,"timeoutInMinutes":0,"definitionType":"task","overrideInputs":{},"condition":"succeeded()","inputs":{"targetType":"filePath","filePath":"$(System.DefaultWorkingDirectory)/Infrastructure/DeployApp.ps1","arguments":" -resourceGroup $(resourceGroup) -hostingPlan $(hostingPlan) -applicationName $(apiApplicationName)  -deploymentContainerImageName $(apiDockerCustomImageName) -dockerCustomImageName $(apiDockerCustomImageName) -dockerRegistryServerUrl $(dockerRegistryServerUrl) -dockerRegistryServerUser $(dockerRegistryServerUser) -dockerRegistryServerPassword $(dockerRegistryServerPassword) -tenantId $(tenantId) -principalUsername $(principalUsername) -principalPassword $(principalPassword)","script":"# Write your powershell commands here.\n\nWrite-Host \"Hello World\"\n\n# Use the environment variables input below to pass secret variables to this script.","errorActionPreference":"stop","failOnStderr":"false","ignoreLASTEXITCODE":"false","workingDirectory":""}},{"environment":{},"taskId":"e213ff0f-5d5c-4791-802d-52ea3e7be1f1","version":"2.*","name":"UI Deployment","refName":"","enabled":true,"alwaysRun":false,"continueOnError":false,"timeoutInMinutes":0,"definitionType":"task","overrideInputs":{},"condition":"succeeded()","inputs":{"targetType":"filePath","filePath":"$(System.DefaultWorkingDirectory)/Infrastructure/DeployApp.ps1","arguments":" -resourceGroup $(resourceGroup) -hostingPlan $(hostingPlan) -applicationName $(uiApplicationName)  -deploymentContainerImageName $(uiDockerCustomImageName) -dockerCustomImageName $(uiDockerCustomImageName) -dockerRegistryServerUrl $(dockerRegistryServerUrl) -dockerRegistryServerUser $(dockerRegistryServerUser) -dockerRegistryServerPassword $(dockerRegistryServerPassword) -tenantId $(tenantId) -principalUsername $(principalUsername) -principalPassword $(principalPassword)","script":"# Write your powershell commands here.\n\nWrite-Host \"Hello World\"\n\n# Use the environment variables input below to pass secret variables to this script.","errorActionPreference":"stop","failOnStderr":"false","ignoreLASTEXITCODE":"false","workingDirectory":""}},{"environment":{},"taskId":"e213ff0f-5d5c-4791-802d-52ea3e7be1f1","version":"2.*","name":"Setup Firewall Rules","refName":"","enabled":true,"alwaysRun":false,"continueOnError":false,"timeoutInMinutes":0,"definitionType":"task","overrideInputs":{},"condition":"succeeded()","inputs":{"targetType":"inline","filePath":"","arguments":"","script":"az sql server firewall-rule create --resource-group $(resourceGroup) --server $(dbServerName) -n AllowYourIp --start-ip-address '0.0.0.0' --end-ip-address '255.255.255.255'  ","errorActionPreference":"stop","failOnStderr":"false","ignoreLASTEXITCODE":"false","workingDirectory":""}},{"environment":{},"taskId":"e213ff0f-5d5c-4791-802d-52ea3e7be1f1","version":"2.*","name":"Set Api DB Connection String","refName":"","enabled":true,"alwaysRun":false,"continueOnError":false,"timeoutInMinutes":0,"definitionType":"task","overrideInputs":{},"condition":"succeeded()","inputs":{"targetType":"filePath","filePath":"$(System.DefaultWorkingDirectory)/Infrastructure/SetAppSetting.ps1","arguments":"-resourceGroup $(resourceGroup) -applicationName $(apiApplicationName) -settingName ModernApiDBConnectionString -settingValue \"Server=tcp:$(dbServerName).database.windows.net,1433;Initial Catalog=$(apiDbName);Persist Security Info=False;User ID=$(databaseUsername);Password=$(databasePassword);MultipleActiveResultSets=False;Encrypt=True;TrustServerCertificate=False;Connection Timeout=30;\"","script":"# Write your powershell commands here.\n\nWrite-Host \"Hello World\"\n\n# Use the environment variables input below to pass secret variables to this script.","errorActionPreference":"stop","failOnStderr":"false","ignoreLASTEXITCODE":"false","workingDirectory":""}},{"environment":{},"taskId":"e213ff0f-5d5c-4791-802d-52ea3e7be1f1","version":"2.*","name":"Set UI Api URL","refName":"","enabled":true,"alwaysRun":false,"continueOnError":false,"timeoutInMinutes":0,"definitionType":"task","overrideInputs":{},"condition":"succeeded()","inputs":{"targetType":"filePath","filePath":"$(System.DefaultWorkingDirectory)/Infrastructure/SetAppSetting.ps1","arguments":"-resourceGroup $(resourceGroup) -applicationName $(uiApplicationName) -settingName ApiURL -settingValue \"https://$(apiApplicationName).azurewebsites.net/api/customers\"","script":"# Write your powershell commands here.\n\nWrite-Host \"Hello World\"\n\n# Use the environment variables input below to pass secret variables to this script.","errorActionPreference":"stop","failOnStderr":"false","ignoreLASTEXITCODE":"false","workingDirectory":""}},{"environment":{},"taskId":"e213ff0f-5d5c-4791-802d-52ea3e7be1f1","version":"2.*","name":"Set LaunchDarkly Key","refName":"","enabled":true,"alwaysRun":false,"continueOnError":false,"timeoutInMinutes":0,"definitionType":"task","overrideInputs":{},"condition":"succeeded()","inputs":{"targetType":"filePath","filePath":"$(System.DefaultWorkingDirectory)/Infrastructure/SetAppSetting.ps1","arguments":"-resourceGroup $(resourceGroup) -applicationName $(uiApplicationName) -settingName LauchDarklyKey -settingValue \"$(launchDarklyKey)\"","script":"# Write your powershell commands here.\n\nWrite-Host \"Hello World\"\n\n# Use the environment variables input below to pass secret variables to this script.","errorActionPreference":"stop","failOnStderr":"false","ignoreLASTEXITCODE":"false","workingDirectory":""}}]}],"environmentOptions":{"emailNotificationType":"OnlyOnFailure","emailRecipients":"release.environment.owner;release.creator","skipArtifactsDownload":false,"timeoutInMinutes":0,"enableAccessToken":false,"publishDeploymentStatus":true,"badgeEnabled":false,"autoLinkWorkItems":false,"pullRequestDeploymentEnabled":false},"demands":[],"conditions":[{"name":"ReleaseStarted","conditionType":1,"value":""}],"executionPolicy":{"concurrencyCount":1,"queueDepthCount":0},"schedules":[],"currentRelease":{"id":0,"url":"https://vsrm.dev.azure.com/iliasj/0d9c410a-a891-4c68-bce8-6cf47076dc21/_apis/Release/releases/0","_links":{}},"retentionPolicy":{"daysToKeep":30,"releasesToKeep":3,"retainBuild":true},"processParameters":{},"properties":{},"preDeploymentGates":{"id":0,"gatesOptions":null,"gates":[]},"postDeploymentGates":{"id":0,"gatesOptions":null,"gates":[]},"environmentTriggers":[],"badgeUrl":"https://vsrm.dev.azure.com/iliasj/_apis/public/Release/badge/0d9c410a-a891-4c68-bce8-6cf47076dc21/8/22"},{"id":23,"name":"Apps","rank":2,"owner":{"displayName":"Ilias Jennane","url":"https://app.vssps.visualstudio.com/Ae2730bce-d766-497d-9bf1-2bc176c5d883/_apis/Identities/5670fedd-7b96-403f-9e5d-d2bc553ec630","_links":{"avatar":{"href":"https://dev.azure.com/iliasj/_apis/GraphProfile/MemberAvatars/msa.NDZmZjk4NjQtYzI0NS03YWJkLWIyYzEtNTE0ZjFhNWQ4NDQ3"}},"id":"5670fedd-7b96-403f-9e5d-d2bc553ec630","uniqueName":"iliasjennane@outlook.com","imageUrl":"https://dev.azure.com/iliasj/_api/_common/identityImage?id=5670fedd-7b96-403f-9e5d-d2bc553ec630","descriptor":"msa.NDZmZjk4NjQtYzI0NS03YWJkLWIyYzEtNTE0ZjFhNWQ4NDQ3"},"variables":{},"variableGroups":[],"preDeployApprovals":{"approvals":[{"rank":1,"isAutomated":true,"isNotificationOn":false,"id":65}],"approvalOptions":{"requiredApproverCount":null,"releaseCreatorCanBeApprover":true,"autoTriggeredAndPreviousEnvironmentApprovedCanBeSkipped":false,"enforceIdentityRevalidation":false,"timeoutInMinutes":0,"executionOrder":1}},"deployStep":{"id":68},"postDeployApprovals":{"approvals":[{"rank":1,"isAutomated":true,"isNotificationOn":false,"id":71}],"approvalOptions":{"requiredApproverCount":null,"releaseCreatorCanBeApprover":true,"autoTriggeredAndPreviousEnvironmentApprovedCanBeSkipped":false,"enforceIdentityRevalidation":false,"timeoutInMinutes":0,"executionOrder":2}},"deployPhases":[{"deploymentInput":{"parallelExecution":{"parallelExecutionType":"none"},"skipArtifactsDownload":false,"artifactsDownloadInput":{"downloadInputs":[{"artifactItems":[],"alias":"api","artifactType":"Build","artifactDownloadMode":"All"},{"alias":"Infrastructure","artifactType":"Git","artifactDownloadMode":"All"},{"artifactItems":[],"alias":"ui","artifactType":"Build","artifactDownloadMode":"All"}]},"queueId":123,"demands":[],"enableAccessToken":false,"timeoutInMinutes":0,"jobCancelTimeoutInMinutes":1,"condition":"succeeded()","overrideInputs":{}},"rank":1,"phaseType":1,"name":"Agent job","workflowTasks":[{"environment":{},"taskId":"ce85a08b-a538-4d2b-8589-1d37a9ab970f","version":"1.*","name":"Azure SQL Publish","refName":"","enabled":true,"alwaysRun":false,"continueOnError":false,"timeoutInMinutes":0,"definitionType":"task","overrideInputs":{},"condition":"succeeded()","inputs":{"ConnectedServiceNameSelector":"ConnectedServiceNameARM","ConnectedServiceName":"","ConnectedServiceNameARM":"45c473bd-cc80-4867-a8d8-2159fab21645","ServerName":"$(dbServerName).database.windows.net","DatabaseName":"$(apiDbName)","SqlUsername":"$(databaseUsername)","SqlPassword":"$(databasePassword)","DeploymentAction":"Publish","TaskNameSelector":"SqlTask","DacpacFile":"","BacpacFile":"","SqlFile":"$(System.DefaultWorkingDirectory)/Infrastructure/TestData.sql","SqlInline":"","PublishProfile":"","AdditionalArguments":"","SqlAdditionalArguments":"","InlineAdditionalArguments":"","IpDetectionMethod":"AutoDetect","StartIpAddress":"","EndIpAddress":"","DeleteFirewallRule":"true"}},{"environment":{},"taskId":"f045e430-8704-11e6-968f-e717e6411619","version":"0.*","name":"Restart Azure App Service: $(apiApplicationName)","refName":"","enabled":true,"alwaysRun":false,"continueOnError":false,"timeoutInMinutes":0,"definitionType":"task","overrideInputs":{},"condition":"succeeded()","inputs":{"ConnectedServiceName":"45c473bd-cc80-4867-a8d8-2159fab21645","Action":"Restart Azure App Service","WebAppName":"$(apiApplicationName)","SpecifySlot":"false","ResourceGroupName":"","SourceSlot":"","SwapWithProduction":"true","TargetSlot":"","PreserveVnet":"false","Slot":"production","ExtensionsList":"","OutputVariable":"","AppInsightsResourceGroupName":"","ApplicationInsightsResourceName":"","ApplicationInsightsWebTestName":""}},{"environment":{},"taskId":"f045e430-8704-11e6-968f-e717e6411619","version":"0.*","name":"Restart Azure App Service: $(uiApplicationName)","refName":"","enabled":true,"alwaysRun":false,"continueOnError":false,"timeoutInMinutes":0,"definitionType":"task","overrideInputs":{},"condition":"succeeded()","inputs":{"ConnectedServiceName":"45c473bd-cc80-4867-a8d8-2159fab21645","Action":"Restart Azure App Service","WebAppName":"$(uiApplicationName)","SpecifySlot":"false","ResourceGroupName":"","SourceSlot":"","SwapWithProduction":"true","TargetSlot":"","PreserveVnet":"false","Slot":"production","ExtensionsList":"","OutputVariable":"","AppInsightsResourceGroupName":"","ApplicationInsightsResourceName":"","ApplicationInsightsWebTestName":""}}]}],"environmentOptions":{"emailNotificationType":"OnlyOnFailure","emailRecipients":"release.environment.owner;release.creator","skipArtifactsDownload":false,"timeoutInMinutes":0,"enableAccessToken":false,"publishDeploymentStatus":true,"badgeEnabled":false,"autoLinkWorkItems":false,"pullRequestDeploymentEnabled":false},"demands":[],"conditions":[{"name":"Infrastructure","conditionType":2,"value":"4"}],"executionPolicy":{"concurrencyCount":1,"queueDepthCount":0},"schedules":[],"currentRelease":{"id":0,"url":"https://vsrm.dev.azure.com/iliasj/0d9c410a-a891-4c68-bce8-6cf47076dc21/_apis/Release/releases/0","_links":{}},"retentionPolicy":{"daysToKeep":30,"releasesToKeep":3,"retainBuild":true},"processParameters":{},"properties":{},"preDeploymentGates":{"id":0,"gatesOptions":null,"gates":[]},"postDeploymentGates":{"id":0,"gatesOptions":null,"gates":[]},"environmentTriggers":[],"badgeUrl":"https://vsrm.dev.azure.com/iliasj/_apis/public/Release/badge/0d9c410a-a891-4c68-bce8-6cf47076dc21/8/23"},{"id":24,"name":"Sanity Check","rank":3,"owner":{"displayName":"Ilias Jennane","url":"https://app.vssps.visualstudio.com/Ae2730bce-d766-497d-9bf1-2bc176c5d883/_apis/Identities/5670fedd-7b96-403f-9e5d-d2bc553ec630","_links":{"avatar":{"href":"https://dev.azure.com/iliasj/_apis/GraphProfile/MemberAvatars/msa.NDZmZjk4NjQtYzI0NS03YWJkLWIyYzEtNTE0ZjFhNWQ4NDQ3"}},"id":"5670fedd-7b96-403f-9e5d-d2bc553ec630","uniqueName":"iliasjennane@outlook.com","imageUrl":"https://dev.azure.com/iliasj/_api/_common/identityImage?id=5670fedd-7b96-403f-9e5d-d2bc553ec630","descriptor":"msa.NDZmZjk4NjQtYzI0NS03YWJkLWIyYzEtNTE0ZjFhNWQ4NDQ3"},"variables":{},"variableGroups":[],"preDeployApprovals":{"approvals":[{"rank":1,"isAutomated":true,"isNotificationOn":false,"id":66}],"approvalOptions":{"requiredApproverCount":null,"releaseCreatorCanBeApprover":true,"autoTriggeredAndPreviousEnvironmentApprovedCanBeSkipped":false,"enforceIdentityRevalidation":false,"timeoutInMinutes":0,"executionOrder":1}},"deployStep":{"id":67},"postDeployApprovals":{"approvals":[{"rank":1,"isAutomated":true,"isNotificationOn":false,"id":72}],"approvalOptions":{"requiredApproverCount":null,"releaseCreatorCanBeApprover":true,"autoTriggeredAndPreviousEnvironmentApprovedCanBeSkipped":false,"enforceIdentityRevalidation":false,"timeoutInMinutes":0,"executionOrder":2}},"deployPhases":[{"deploymentInput":{"parallelExecution":{"parallelExecutionType":"none"},"skipArtifactsDownload":false,"artifactsDownloadInput":{"downloadInputs":[{"artifactItems":[],"alias":"api","artifactType":"Build","artifactDownloadMode":"All"},{"alias":"Infrastructure","artifactType":"Git","artifactDownloadMode":"All"},{"artifactItems":[],"alias":"ui","artifactType":"Build","artifactDownloadMode":"All"}]},"queueId":123,"demands":[],"enableAccessToken":false,"timeoutInMinutes":0,"jobCancelTimeoutInMinutes":1,"condition":"succeeded()","overrideInputs":{}},"rank":1,"phaseType":1,"name":"Agent job","workflowTasks":[{"environment":{},"taskId":"dc2ae2d3-39bd-4b8a-9515-b708bf733a36","version":"1.*","name":"UI Web Test","refName":"","enabled":true,"alwaysRun":false,"continueOnError":false,"timeoutInMinutes":0,"definitionType":"task","overrideInputs":{},"condition":"succeeded()","inputs":{"url":"https://$(uiApplicationName).azurewebsites.net/customers","expectedReturnCode":"200","timeout":"100"}}]}],"environmentOptions":{"emailNotificationType":"OnlyOnFailure","emailRecipients":"release.environment.owner;release.creator","skipArtifactsDownload":false,"timeoutInMinutes":0,"enableAccessToken":false,"publishDeploymentStatus":true,"badgeEnabled":false,"autoLinkWorkItems":false,"pullRequestDeploymentEnabled":false},"demands":[],"conditions":[{"name":"Apps","conditionType":2,"value":"4"}],"executionPolicy":{"concurrencyCount":1,"queueDepthCount":0},"schedules":[],"currentRelease":{"id":0,"url":"https://vsrm.dev.azure.com/iliasj/0d9c410a-a891-4c68-bce8-6cf47076dc21/_apis/Release/releases/0","_links":{}},"retentionPolicy":{"daysToKeep":30,"releasesToKeep":3,"retainBuild":true},"processParameters":{},"properties":{},"preDeploymentGates":{"id":0,"gatesOptions":null,"gates":[]},"postDeploymentGates":{"id":0,"gatesOptions":null,"gates":[]},"environmentTriggers":[],"badgeUrl":"https://vsrm.dev.azure.com/iliasj/_apis/public/Release/badge/0d9c410a-a891-4c68-bce8-6cf47076dc21/8/24"}],"artifacts":[{"sourceId":"0d9c410a-a891-4c68-bce8-6cf47076dc21:46","type":"Build","alias":"api","definitionReference":{"artifactSourceDefinitionUrl":{"id":"https://dev.azure.com/iliasj/_permalink/_build/index?collectionId=14af4c96-e963-4110-9937-f4b571cac9fe&projectId=0d9c410a-a891-4c68-bce8-6cf47076dc21&definitionId=46","name":""},"defaultVersionBranch":{"id":"","name":""},"defaultVersionSpecific":{"id":"","name":""},"defaultVersionTags":{"id":"","name":""},"defaultVersionType":{"id":"latestType","name":"Latest"},"definition":{"id":"46","name":"ModernApiApp.master.ci"},"project":{"id":"0d9c410a-a891-4c68-bce8-6cf47076dc21","name":"hol"}},"isRetained":false},{"sourceId":"0d9c410a-a891-4c68-bce8-6cf47076dc21:d44ffea0-8995-4404-b8e7-3ca55bc4cc82","type":"Git","alias":"Infrastructure","definitionReference":{"branches":{"id":"master","name":"master"},"checkoutNestedSubmodules":{"id":"True","name":"Any nested submodules within"},"checkoutSubmodules":{"id":"","name":""},"defaultVersionSpecific":{"id":"","name":""},"defaultVersionType":{"id":"latestFromBranchType","name":"Latest from the default branch"},"definition":{"id":"d44ffea0-8995-4404-b8e7-3ca55bc4cc82","name":"Infrastructure"},"fetchDepth":{"id":"","name":""},"gitLfsSupport":{"id":"","name":""},"project":{"id":"0d9c410a-a891-4c68-bce8-6cf47076dc21","name":"hol"}},"isPrimary":true,"isRetained":false},{"sourceId":"0d9c410a-a891-4c68-bce8-6cf47076dc21:38","type":"Build","alias":"ui","definitionReference":{"artifactSourceDefinitionUrl":{"id":"https://dev.azure.com/iliasj/_permalink/_build/index?collectionId=14af4c96-e963-4110-9937-f4b571cac9fe&projectId=0d9c410a-a891-4c68-bce8-6cf47076dc21&definitionId=38","name":""},"defaultVersionBranch":{"id":"","name":""},"defaultVersionSpecific":{"id":"","name":""},"defaultVersionTags":{"id":"","name":""},"defaultVersionType":{"id":"latestType","name":"Latest"},"definition":{"id":"38","name":"ModernUIApp.master.ci"},"project":{"id":"0d9c410a-a891-4c68-bce8-6cf47076dc21","name":"hol"}},"isRetained":false}],"triggers":[],"releaseNameFormat":"Release-$(rev:r)","tags":[],"properties":{"DefinitionCreationSource":{"$type":"System.String","$value":"ReleaseClone"}},"id":8,"name":"App.master.cd","path":"\\","projectReference":null,"url":"https://vsrm.dev.azure.com/iliasj/0d9c410a-a891-4c68-bce8-6cf47076dc21/_apis/Release/definitions/8","_links":{"self":{"href":"https://vsrm.dev.azure.com/iliasj/0d9c410a-a891-4c68-bce8-6cf47076dc21/_apis/Release/definitions/8"},"web":{"href":"https://dev.azure.com/iliasj/0d9c410a-a891-4c68-bce8-6cf47076dc21/_release?definitionId=8"}}}