{
    "$schema": "http://schema.management.azure.com/schemas/2014-04-01-preview/deploymentTemplate.json#",
    "contentVersion": "1.0.0.0",
    "parameters": {
        "administratorLogin": {
            "type": "string"
        },
        "administratorLoginPassword": {
            "type": "securestring"
        },
        "collation": {
            "type": "string"
        },
        "databaseName": {
            "type": "string"
        },
        "edition": {
            "type": "string"
        },
        "requestedServiceObjectiveId": {
            "type": "string"
        },
        "location": {
            "type": "string"
        },
        "maxSizeBytes": {
            "type": "string"
        },
        "serverName": {
            "type": "string"
        },
        "sampleName": {
            "type": "string",
            "defaultValue": ""
        },
        "zoneRedundant": {
            "type": "bool",
            "defaultValue": false
        }
    },
    "resources": [
        {
            "apiVersion": "2015-05-01-preview",
            "location": "[parameters('location')]",
            "name": "[parameters('serverName')]",
            "properties": {
                "administratorLogin": "[parameters('administratorLogin')]",
                "administratorLoginPassword": "[parameters('administratorLoginPassword')]",
                "version": "12.0"
            },
            "resources": [
                {
                    "apiVersion": "2014-04-01-preview",
                    "dependsOn": [
                        "[concat('Microsoft.Sql/servers/', parameters('serverName'))]"
                    ],
                    "location": "[parameters('location')]",
                    "name": "[parameters('databaseName')]",
                    "properties": {
                        "collation": "[parameters('collation')]",
                        "edition": "[parameters('edition')]",
                        "maxSizeBytes": "[parameters('maxSizeBytes')]",
                        "requestedServiceObjectiveId": "[parameters('requestedServiceObjectiveId')]",
                        "sampleName": "[parameters('sampleName')]",
                        "zoneRedundant": "[parameters('zoneRedundant')]"
                    },
                    "type": "databases"
                },
                {
                    "apiVersion": "2014-04-01-preview",
                    "dependsOn": [
                        "[concat('Microsoft.Sql/servers/', parameters('serverName'))]"
                    ],
                    "location": "[parameters('location')]",
                    "name": "AllowAllWindowsAzureIps",
                    "properties": {
                        "endIpAddress": "0.0.0.0",
                        "startIpAddress": "0.0.0.0"
                    },
                    "type": "firewallrules"
                }
            ],
            "type": "Microsoft.Sql/servers"
        }
    ]
}