{"options":[{"enabled":true,"definition":{"id":"5d58cc01-7c75-450c-be18-a388ddb129ec"},"inputs":{"branchFilters":"[\"+refs/heads/topics/*\"]","additionalFields":"{}"}},{"enabled":false,"definition":{"id":"a9db38f9-9fdc-478c-b0f9-464221e58316"},"inputs":{"workItemType":"677672","assignToRequestor":"true","additionalFields":"{}"}}],"triggers":[{"branchFilters":["+refs/heads/topics/*"],"pathFilters":[],"batchChanges":false,"maxConcurrentBuildsPerBranch":1,"pollingInterval":0,"triggerType":2}],"variables":{"system.debug":{"value":"false","allowOverride":true}},"retentionRules":[{"branches":["+refs/heads/*"],"artifacts":[],"artifactTypesToDelete":["FilePath","SymbolStore"],"daysToKeep":10,"minimumToKeep":1,"deleteBuildRecord":true,"deleteTestResults":true}],"properties":{},"tags":[],"_links":{"self":{"href":"https://dev.azure.com/iliasj/0d9c410a-a891-4c68-bce8-6cf47076dc21/_apis/build/Definitions/47?revision=2"},"web":{"href":"https://dev.azure.com/iliasj/0d9c410a-a891-4c68-bce8-6cf47076dc21/_build/definition?definitionId=47"},"editor":{"href":"https://dev.azure.com/iliasj/0d9c410a-a891-4c68-bce8-6cf47076dc21/_build/designer?id=47&_a=edit-build-definition"},"badge":{"href":"https://dev.azure.com/iliasj/0d9c410a-a891-4c68-bce8-6cf47076dc21/_apis/build/status/47"}},"buildNumberFormat":"$(date:yyyyMMdd)$(rev:.r)","jobAuthorizationScope":1,"jobTimeoutInMinutes":60,"jobCancelTimeoutInMinutes":5,"process":{"phases":[{"steps":[{"environment":{},"enabled":true,"continueOnError":false,"alwaysRun":false,"displayName":"Build an image","timeoutInMinutes":0,"task":{"id":"e28912f1-0114-4464-802a-a3a35437fd16","versionSpec":"0.*","definitionType":"task"},"inputs":{"containerregistrytype":"Azure Container Registry","dockerRegistryEndpoint":"","azureSubscriptionEndpoint":"45c473bd-cc80-4867-a8d8-2159fab21645","azureContainerRegistry":"{\"loginServer\":\"holdevtestacr.azurecr.io\", \"id\" : \"/subscriptions/9cf3332a-a651-4ba7-81ee-65d3b8e0229a/resourceGroups/holDevTestRG/providers/Microsoft.ContainerRegistry/registries/holDevTestACR\"}","action":"Build an image","dockerFile":"apiapp.Dockerfile","buildArguments":"","defaultContext":"true","context":"","imageName":"$(Build.DefinitionName):$(Build.SourceBranchName)","imageNamesPath":"","qualifyImageName":"true","additionalImageTags":"","includeSourceTags":"true","includeLatestTag":"true","imageDigestFile":"","containerName":"","ports":"","volumes":"","envVars":"","workDir":"","entrypoint":"","containerCommand":"","detached":"true","restartPolicy":"no","restartMaxRetries":"","customCommand":"","dockerHostEndpoint":"","enforceDockerNamingConvention":"true","cwd":"$(System.DefaultWorkingDirectory)","memory":""}},{"environment":{},"enabled":true,"continueOnError":false,"alwaysRun":false,"displayName":"Push an image","timeoutInMinutes":0,"task":{"id":"e28912f1-0114-4464-802a-a3a35437fd16","versionSpec":"0.*","definitionType":"task"},"inputs":{"containerregistrytype":"Azure Container Registry","dockerRegistryEndpoint":"","azureSubscriptionEndpoint":"45c473bd-cc80-4867-a8d8-2159fab21645","azureContainerRegistry":"{\"loginServer\":\"holdevtestacr.azurecr.io\", \"id\" : \"/subscriptions/9cf3332a-a651-4ba7-81ee-65d3b8e0229a/resourceGroups/holDevTestRG/providers/Microsoft.ContainerRegistry/registries/holDevTestACR\"}","action":"Push an image","dockerFile":"**/Dockerfile","buildArguments":"","defaultContext":"true","context":"","imageName":"$(Build.DefinitionName):$(Build.SourceBranchName)","imageNamesPath":"","qualifyImageName":"true","additionalImageTags":"","includeSourceTags":"true","includeLatestTag":"true","imageDigestFile":"","containerName":"","ports":"","volumes":"","envVars":"","workDir":"","entrypoint":"","containerCommand":"","detached":"true","restartPolicy":"no","restartMaxRetries":"","customCommand":"","dockerHostEndpoint":"","enforceDockerNamingConvention":"true","cwd":"$(System.DefaultWorkingDirectory)","memory":""}},{"environment":{},"enabled":true,"continueOnError":false,"alwaysRun":false,"displayName":"Copy SQL Files","timeoutInMinutes":0,"condition":"succeeded()","task":{"id":"5bfb729a-a7c8-4a78-a7c3-8d717bb7c13c","versionSpec":"2.*","definitionType":"task"},"inputs":{"SourceFolder":"ModernApiApp.Database/deploy","Contents":"*.sql","TargetFolder":"$(build.artifactstagingdirectory)","CleanTargetFolder":"false","OverWrite":"false","flattenFolders":"false"}},{"environment":{},"enabled":true,"continueOnError":false,"alwaysRun":false,"displayName":"Publish Artifact: drop","timeoutInMinutes":0,"condition":"succeeded()","task":{"id":"2ff763a7-ce83-4e1f-bc89-0ae63477cebe","versionSpec":"1.*","definitionType":"task"},"inputs":{"PathtoPublish":"$(Build.ArtifactStagingDirectory)","ArtifactName":"drop","ArtifactType":"Container","TargetPath":"","Parallel":"false","ParallelCount":"8"}}],"name":"Phase 1","refName":"Phase_1","condition":"succeeded()","target":{"executionOptions":{"type":0},"allowScriptsAuthAccessOption":false,"type":1},"jobAuthorizationScope":1,"jobCancelTimeoutInMinutes":1}],"type":1},"repository":{"properties":{"cleanOptions":"0","labelSources":"0","labelSourcesFormat":"$(build.buildNumber)","reportBuildStatus":"true","gitLfsSupport":"false","skipSyncSource":"false","checkoutNestedSubmodules":"false","fetchDepth":"0"},"id":"1bdcfb5d-b553-4e24-a7ea-7819e5d975f9","type":"TfsGit","name":"ModernApiRepository","url":"https://iliasj@dev.azure.com/iliasj/holFinal/_git/ModernApiRepository","defaultBranch":"refs/heads/master","clean":"false","checkoutSubmodules":false},"processParameters":{},"quality":1,"authoredBy":{"displayName":"Ilias Jennane","url":"https://app.vssps.visualstudio.com/Ae2730bce-d766-497d-9bf1-2bc176c5d883/_apis/Identities/5670fedd-7b96-403f-9e5d-d2bc553ec630","_links":{"avatar":{"href":"https://dev.azure.com/iliasj/_apis/GraphProfile/MemberAvatars/msa.NDZmZjk4NjQtYzI0NS03YWJkLWIyYzEtNTE0ZjFhNWQ4NDQ3"}},"id":"5670fedd-7b96-403f-9e5d-d2bc553ec630","uniqueName":"iliasjennane@outlook.com","imageUrl":"https://dev.azure.com/iliasj/_api/_common/identityImage?id=5670fedd-7b96-403f-9e5d-d2bc553ec630","descriptor":"msa.NDZmZjk4NjQtYzI0NS03YWJkLWIyYzEtNTE0ZjFhNWQ4NDQ3"},"drafts":[],"queue":{"_links":{"self":{"href":"https://dev.azure.com/iliasj/_apis/build/Queues/122"}},"id":122,"name":"Hosted Linux Preview","url":"https://dev.azure.com/iliasj/_apis/build/Queues/122","pool":{"id":3,"name":"Hosted Linux Preview","isHosted":true}},"id":47,"name":"ModernApiApp.topics.ci","url":"https://dev.azure.com/iliasj/0d9c410a-a891-4c68-bce8-6cf47076dc21/_apis/build/Definitions/47?revision=2","uri":"vstfs:///Build/Definition/47","path":"\\","type":2,"queueStatus":0,"revision":2,"createdDate":"2018-09-05T21:30:13.220Z","project":{"id":"0d9c410a-a891-4c68-bce8-6cf47076dc21","name":"holFinal","url":"https://dev.azure.com/iliasj/_apis/projects/0d9c410a-a891-4c68-bce8-6cf47076dc21","state":1,"revision":470973078,"visibility":0}}