{"options":[{"enabled":true,"definition":{"id":"5d58cc01-7c75-450c-be18-a388ddb129ec"},"inputs":{"branchFilters":"[\"+refs/heads/*\"]","additionalFields":"{}"}},{"enabled":false,"definition":{"id":"a9db38f9-9fdc-478c-b0f9-464221e58316"},"inputs":{"workItemType":"677672","assignToRequestor":"true","additionalFields":"{}"}}],"variables":{"BuildConfiguration":{"value":"Release","allowOverride":true},"BuildPlatform":{"value":"any cpu","allowOverride":true},"system.debug":{"value":"false","allowOverride":true}},"retentionRules":[{"branches":["+refs/heads/*"],"artifacts":[],"artifactTypesToDelete":["FilePath","SymbolStore"],"daysToKeep":10,"minimumToKeep":1,"deleteBuildRecord":true,"deleteTestResults":true}],"properties":{},"tags":[],"metrics":[{"name":"CurrentBuildsInQueue","scope":"refs/heads/master","intValue":0},{"name":"CurrentBuildsInProgress","scope":"refs/heads/master","intValue":0},{"name":"CanceledBuilds","scope":"refs/heads/master","intValue":0,"date":"2018-08-27T00:00:00.000Z"},{"name":"FailedBuilds","scope":"refs/heads/master","intValue":0,"date":"2018-08-27T00:00:00.000Z"},{"name":"PartiallySuccessfulBuilds","scope":"refs/heads/master","intValue":0,"date":"2018-08-27T00:00:00.000Z"},{"name":"SuccessfulBuilds","scope":"refs/heads/master","intValue":1,"date":"2018-08-27T00:00:00.000Z"},{"name":"TotalBuilds","scope":"refs/heads/master","intValue":1,"date":"2018-08-27T00:00:00.000Z"}],"_links":{"self":{"href":"https://iliasj.visualstudio.com/0d9c410a-a891-4c68-bce8-6cf47076dc21/_apis/build/Definitions/43?revision=1"},"web":{"href":"https://iliasj.visualstudio.com/0d9c410a-a891-4c68-bce8-6cf47076dc21/_build/definition?definitionId=43"},"editor":{"href":"https://iliasj.visualstudio.com/0d9c410a-a891-4c68-bce8-6cf47076dc21/_build/designer?id=43&_a=edit-build-definition"},"badge":{"href":"https://iliasj.visualstudio.com/0d9c410a-a891-4c68-bce8-6cf47076dc21/_apis/build/status/43"}},"buildNumberFormat":"$(date:yyyyMMdd)$(rev:.r)","jobAuthorizationScope":1,"jobTimeoutInMinutes":60,"jobCancelTimeoutInMinutes":5,"process":{"phases":[{"steps":[{"environment":{},"enabled":true,"continueOnError":false,"alwaysRun":false,"displayName":"Restore","timeoutInMinutes":0,"task":{"id":"5541a522-603c-47ad-91fc-a4b1d163081b","versionSpec":"2.*","definitionType":"task"},"inputs":{"command":"restore","publishWebProjects":"true","projects":"$(Parameters.RestoreBuildProjects)","custom":"","arguments":"","publishTestResults":"true","zipAfterPublish":"true","modifyOutputPath":"true","selectOrConfig":"select","feedRestore":"","includeNuGetOrg":"true","nugetConfigPath":"","externalEndpoints":"","noCache":"false","packagesDirectory":"","verbosityRestore":"Detailed","searchPatternPush":"$(Build.ArtifactStagingDirectory)/*.nupkg","nuGetFeedType":"internal","feedPublish":"","externalEndpoint":"","searchPatternPack":"**/*.csproj","configurationToPack":"$(BuildConfiguration)","outputDir":"$(Build.ArtifactStagingDirectory)","nobuild":"false","versioningScheme":"off","versionEnvVar":"","requestedMajorVersion":"1","requestedMinorVersion":"0","requestedPatchVersion":"0","buildProperties":"","verbosityPack":"Detailed","workingDirectory":""}},{"environment":{},"enabled":true,"continueOnError":false,"alwaysRun":false,"displayName":"Build","timeoutInMinutes":0,"task":{"id":"5541a522-603c-47ad-91fc-a4b1d163081b","versionSpec":"2.*","definitionType":"task"},"inputs":{"command":"build","publishWebProjects":"true","projects":"$(Parameters.RestoreBuildProjects)","custom":"","arguments":"--configuration $(BuildConfiguration)","publishTestResults":"true","zipAfterPublish":"true","modifyOutputPath":"true","selectOrConfig":"select","feedRestore":"","includeNuGetOrg":"true","nugetConfigPath":"","externalEndpoints":"","noCache":"false","packagesDirectory":"","verbosityRestore":"Detailed","searchPatternPush":"$(Build.ArtifactStagingDirectory)/*.nupkg","nuGetFeedType":"internal","feedPublish":"","externalEndpoint":"","searchPatternPack":"**/*.csproj","configurationToPack":"$(BuildConfiguration)","outputDir":"$(Build.ArtifactStagingDirectory)","nobuild":"false","versioningScheme":"off","versionEnvVar":"","requestedMajorVersion":"1","requestedMinorVersion":"0","requestedPatchVersion":"0","buildProperties":"","verbosityPack":"Detailed","workingDirectory":""}},{"environment":{},"enabled":true,"continueOnError":false,"alwaysRun":false,"displayName":"Test","timeoutInMinutes":0,"task":{"id":"5541a522-603c-47ad-91fc-a4b1d163081b","versionSpec":"2.*","definitionType":"task"},"inputs":{"command":"test","publishWebProjects":"true","projects":"$(Parameters.TestProjects)","custom":"","arguments":"--configuration $(BuildConfiguration)","publishTestResults":"true","zipAfterPublish":"true","modifyOutputPath":"true","selectOrConfig":"select","feedRestore":"","includeNuGetOrg":"true","nugetConfigPath":"","externalEndpoints":"","noCache":"false","packagesDirectory":"","verbosityRestore":"Detailed","searchPatternPush":"$(Build.ArtifactStagingDirectory)/*.nupkg","nuGetFeedType":"internal","feedPublish":"","externalEndpoint":"","searchPatternPack":"**/*.csproj","configurationToPack":"$(BuildConfiguration)","outputDir":"$(Build.ArtifactStagingDirectory)","nobuild":"false","versioningScheme":"off","versionEnvVar":"","requestedMajorVersion":"1","requestedMinorVersion":"0","requestedPatchVersion":"0","buildProperties":"","verbosityPack":"Detailed","workingDirectory":""}}],"name":"Agent job 1","refName":"Phase_1","condition":"succeeded()","target":{"executionOptions":{"type":0},"allowScriptsAuthAccessOption":false,"type":1},"jobAuthorizationScope":"projectCollection","jobCancelTimeoutInMinutes":1}],"type":1},"repository":{"properties":{"cleanOptions":"0","labelSources":"0","labelSourcesFormat":"$(build.buildNumber)","reportBuildStatus":"true","gitLfsSupport":"false","skipSyncSource":"false","checkoutNestedSubmodules":"false","fetchDepth":"0"},"id":"ebbe3e2d-aeeb-4d3e-9f0f-7812b93e9c31","type":"TfsGit","name":"ModernUIRepository","url":"https://iliasj.visualstudio.com/hol/_git/ModernUIRepository","defaultBranch":"refs/heads/master","clean":"false","checkoutSubmodules":false},"processParameters":{"inputs":[{"aliases":[],"options":{},"properties":{},"name":"RestoreBuildProjects","label":"Project(s) to restore and build","defaultValue":"**/*.csproj","type":"multiline","helpMarkDown":"Relative path of the .csproj file(s) from repo root. Wildcards can be used. For example, **/*.csproj for all .csproj files in all the subfolders.","visibleRule":"","groupName":""},{"aliases":[],"options":{},"properties":{},"name":"TestProjects","label":"Project(s) to test","defaultValue":"**/*[Tt]ests/*.csproj","type":"multiline","helpMarkDown":"Relative path of the .csproj file(s) from repo root. Wildcards can be used. For example, **/*.csproj for all .csproj files in all the subfolders.","visibleRule":"","groupName":""}]},"quality":1,"authoredBy":{"displayName":"Ilias Jennane","url":"https://app.vssps.visualstudio.com/Ae2730bce-d766-497d-9bf1-2bc176c5d883/_apis/Identities/5670fedd-7b96-403f-9e5d-d2bc553ec630","_links":{"avatar":{"href":"https://iliasj.visualstudio.com/_apis/GraphProfile/MemberAvatars/msa.NDZmZjk4NjQtYzI0NS03YWJkLWIyYzEtNTE0ZjFhNWQ4NDQ3"}},"id":"5670fedd-7b96-403f-9e5d-d2bc553ec630","uniqueName":"iliasjennane@outlook.com","imageUrl":"https://iliasj.visualstudio.com/_api/_common/identityImage?id=5670fedd-7b96-403f-9e5d-d2bc553ec630","descriptor":"msa.NDZmZjk4NjQtYzI0NS03YWJkLWIyYzEtNTE0ZjFhNWQ4NDQ3"},"drafts":[],"queue":{"_links":{"self":{"href":"https://iliasj.visualstudio.com/_apis/build/Queues/122"}},"id":122,"name":"Hosted Linux Preview","url":"https://iliasj.visualstudio.com/_apis/build/Queues/122","pool":{"id":3,"name":"Hosted Linux Preview","isHosted":true}},"id":43,"name":"ModernUIApp.PR","url":"https://iliasj.visualstudio.com/0d9c410a-a891-4c68-bce8-6cf47076dc21/_apis/build/Definitions/43?revision=1","uri":"vstfs:///Build/Definition/43","path":"\\","type":2,"queueStatus":0,"revision":1,"createdDate":"2018-08-27T14:33:16.917Z","project":{"id":"0d9c410a-a891-4c68-bce8-6cf47076dc21","name":"hol","url":"https://iliasj.visualstudio.com/_apis/projects/0d9c410a-a891-4c68-bce8-6cf47076dc21","state":"wellFormed","revision":470973014,"visibility":0}}