{"options":[{"enabled":true,"definition":{"id":"5d58cc01-7c75-450c-be18-a388ddb129ec"},"inputs":{"branchFilters":"[\"+refs/heads/topics/*\"]","additionalFields":"{}"}},{"enabled":false,"definition":{"id":"a9db38f9-9fdc-478c-b0f9-464221e58316"},"inputs":{"workItemType":"677672","assignToRequestor":"true","additionalFields":"{}"}}],"triggers":[{"branchFilters":["+refs/heads/topics/*"],"pathFilters":[],"batchChanges":false,"maxConcurrentBuildsPerBranch":1,"pollingInterval":0,"triggerType":2}],"variables":{"system.debug":{"value":"false","allowOverride":true}},"retentionRules":[{"branches":["+refs/heads/*"],"artifacts":[],"artifactTypesToDelete":["FilePath","SymbolStore"],"daysToKeep":10,"minimumToKeep":1,"deleteBuildRecord":true,"deleteTestResults":true}],"properties":{},"tags":[],"metrics":[{"name":"CurrentBuildsInQueue","scope":"refs/heads/master","intValue":0},{"name":"CurrentBuildsInProgress","scope":"refs/heads/master","intValue":0},{"name":"CanceledBuilds","scope":"refs/heads/master","intValue":0,"date":"2018-08-27T00:00:00.000Z"},{"name":"FailedBuilds","scope":"refs/heads/master","intValue":0,"date":"2018-08-27T00:00:00.000Z"},{"name":"PartiallySuccessfulBuilds","scope":"refs/heads/master","intValue":0,"date":"2018-08-27T00:00:00.000Z"},{"name":"SuccessfulBuilds","scope":"refs/heads/master","intValue":2,"date":"2018-08-27T00:00:00.000Z"},{"name":"TotalBuilds","scope":"refs/heads/master","intValue":2,"date":"2018-08-27T00:00:00.000Z"}],"_links":{"self":{"href":"https://iliasj.visualstudio.com/0d9c410a-a891-4c68-bce8-6cf47076dc21/_apis/build/Definitions/39?revision=2"},"web":{"href":"https://iliasj.visualstudio.com/0d9c410a-a891-4c68-bce8-6cf47076dc21/_build/definition?definitionId=39"},"editor":{"href":"https://iliasj.visualstudio.com/0d9c410a-a891-4c68-bce8-6cf47076dc21/_build/designer?id=39&_a=edit-build-definition"},"badge":{"href":"https://iliasj.visualstudio.com/0d9c410a-a891-4c68-bce8-6cf47076dc21/_apis/build/status/39"}},"buildNumberFormat":"$(date:yyyyMMdd)$(rev:.r)","jobAuthorizationScope":1,"jobTimeoutInMinutes":60,"jobCancelTimeoutInMinutes":5,"process":{"phases":[{"steps":[{"environment":{},"enabled":true,"continueOnError":false,"alwaysRun":false,"displayName":"Build an image","timeoutInMinutes":0,"task":{"id":"e28912f1-0114-4464-802a-a3a35437fd16","versionSpec":"0.*","definitionType":"task"},"inputs":{"containerregistrytype":"Azure Container Registry","dockerRegistryEndpoint":"","azureSubscriptionEndpoint":"45c473bd-cc80-4867-a8d8-2159fab21645","azureContainerRegistry":"{\"loginServer\":\"holdevtestacr.azurecr.io\", \"id\" : \"/subscriptions/9cf3332a-a651-4ba7-81ee-65d3b8e0229a/resourceGroups/holDevTestRG/providers/Microsoft.ContainerRegistry/registries/holDevTestACR\"}","action":"Build an image","dockerFile":"ui.Dockerfile","buildArguments":"","defaultContext":"true","context":"","imageName":"$(Build.DefinitionName):$(Build.SourceBranchName)","imageNamesPath":"","qualifyImageName":"true","additionalImageTags":"","includeSourceTags":"true","includeLatestTag":"false","imageDigestFile":"","containerName":"","ports":"","volumes":"","envVars":"","workDir":"","entrypoint":"","containerCommand":"","detached":"true","restartPolicy":"no","restartMaxRetries":"","customCommand":"","dockerHostEndpoint":"","enforceDockerNamingConvention":"true","cwd":"$(System.DefaultWorkingDirectory)","memory":""}},{"environment":{},"enabled":true,"continueOnError":false,"alwaysRun":false,"displayName":"Push an image","timeoutInMinutes":0,"task":{"id":"e28912f1-0114-4464-802a-a3a35437fd16","versionSpec":"0.*","definitionType":"task"},"inputs":{"containerregistrytype":"Azure Container Registry","dockerRegistryEndpoint":"","azureSubscriptionEndpoint":"45c473bd-cc80-4867-a8d8-2159fab21645","azureContainerRegistry":"{\"loginServer\":\"holdevtestacr.azurecr.io\", \"id\" : \"/subscriptions/9cf3332a-a651-4ba7-81ee-65d3b8e0229a/resourceGroups/holDevTestRG/providers/Microsoft.ContainerRegistry/registries/holDevTestACR\"}","action":"Push an image","dockerFile":"**/Dockerfile","buildArguments":"","defaultContext":"true","context":"","imageName":"$(Build.DefinitionName):$(Build.SourceBranchName)","imageNamesPath":"","qualifyImageName":"true","additionalImageTags":"","includeSourceTags":"true","includeLatestTag":"false","imageDigestFile":"","containerName":"","ports":"","volumes":"","envVars":"","workDir":"","entrypoint":"","containerCommand":"","detached":"true","restartPolicy":"no","restartMaxRetries":"","customCommand":"","dockerHostEndpoint":"","enforceDockerNamingConvention":"true","cwd":"$(System.DefaultWorkingDirectory)","memory":""}}],"name":"Phase 1","refName":"Phase_1","condition":"succeeded()","target":{"executionOptions":{"type":0},"allowScriptsAuthAccessOption":false,"type":1},"jobAuthorizationScope":"projectCollection","jobCancelTimeoutInMinutes":1}],"type":1},"repository":{"properties":{"cleanOptions":"0","labelSources":"0","labelSourcesFormat":"$(build.buildNumber)","reportBuildStatus":"true","gitLfsSupport":"false","skipSyncSource":"false","checkoutNestedSubmodules":"false","fetchDepth":"0"},"id":"ebbe3e2d-aeeb-4d3e-9f0f-7812b93e9c31","type":"TfsGit","name":"ModernUIRepository","url":"https://iliasj.visualstudio.com/hol/_git/ModernUIRepository","defaultBranch":"refs/heads/master","clean":"false","checkoutSubmodules":false},"processParameters":{},"quality":1,"authoredBy":{"displayName":"Ilias Jennane","url":"https://app.vssps.visualstudio.com/Ae2730bce-d766-497d-9bf1-2bc176c5d883/_apis/Identities/5670fedd-7b96-403f-9e5d-d2bc553ec630","_links":{"avatar":{"href":"https://iliasj.visualstudio.com/_apis/GraphProfile/MemberAvatars/msa.NDZmZjk4NjQtYzI0NS03YWJkLWIyYzEtNTE0ZjFhNWQ4NDQ3"}},"id":"5670fedd-7b96-403f-9e5d-d2bc553ec630","uniqueName":"iliasjennane@outlook.com","imageUrl":"https://iliasj.visualstudio.com/_api/_common/identityImage?id=5670fedd-7b96-403f-9e5d-d2bc553ec630","descriptor":"msa.NDZmZjk4NjQtYzI0NS03YWJkLWIyYzEtNTE0ZjFhNWQ4NDQ3"},"drafts":[],"queue":{"_links":{"self":{"href":"https://iliasj.visualstudio.com/_apis/build/Queues/122"}},"id":122,"name":"Hosted Linux Preview","url":"https://iliasj.visualstudio.com/_apis/build/Queues/122","pool":{"id":3,"name":"Hosted Linux Preview","isHosted":true}},"id":39,"name":"ModernUIApp.topics.ci","url":"https://iliasj.visualstudio.com/0d9c410a-a891-4c68-bce8-6cf47076dc21/_apis/build/Definitions/39?revision=2","uri":"vstfs:///Build/Definition/39","path":"\\","type":2,"queueStatus":0,"revision":2,"createdDate":"2018-08-27T13:35:32.040Z","project":{"id":"0d9c410a-a891-4c68-bce8-6cf47076dc21","name":"hol","url":"https://iliasj.visualstudio.com/_apis/projects/0d9c410a-a891-4c68-bce8-6cf47076dc21","state":"wellFormed","revision":470973014,"visibility":0}}